[
  {
    "name": "Ken Griffin",
    "firm": "Citadel",
    "style": "Cuantitativo + fundamental, market making",
    "horizon": "Corto–mediano",
    "strategy": "HFT y multiactivos",
    "risk": "Alto (apalancado, diversificado)"
  },
  {
    "name": "Jim Simons",
    "firm": "Renaissance Technologies",
    "style": "Puramente cuantitativo",
    "horizon": "Corto",
    "strategy": "Modelos algorítmicos/estadísticos",
    "risk": "Medio–alto (riesgo controlado por sistemas)"
  },
  {
    "name": "George Soros",
    "firm": "Quantum (histórico)",
    "style": "Macro global, reflexividad",
    "horizon": "Mediano–largo",
    "strategy": "Direccional: divisas/bonos/acciones",
    "risk": "Alto (concentración)"
  },
  {
    "name": "Paul Tudor Jones",
    "firm": "Tudor",
    "style": "Macro + técnico",
    "horizon": "Mediano",
    "strategy": "Momentum/tecnico macro",
    "risk": "Medio–alto"
  },
  {
    "name": "Steve Cohen",
    "firm": "Point72",
    "style": "Stock picking + táctico",
    "horizon": "Corto",
    "strategy": "Equity long/short",
    "risk": "Alto"
  },
  {
    "name": "Bill Ackman",
    "firm": "Pershing Square",
    "style": "Activismo accionarial",
    "horizon": "Largo",
    "strategy": "Activismo, cambios en gestión",
    "risk": "Medio (concentración)"
  },
  {
    "name": "Jim Chanos",
    "firm": "Kynikos (histórico)",
    "style": "Venta en corto",
    "horizon": "Mediano–largo",
    "strategy": "Detectar fraudes/sobrevaloraciones",
    "risk": "Alto (short squeeze)"
  },
  {
    "name": "Alejandro Cardona",
    "firm": "—",
    "style": "Información pública limitada",
    "horizon": "—",
    "strategy": "—",
    "risk": "—"
  }
]